{
    "TRANSPORT": 2923.4299999999994,
    "F&B": 7946.73,
    "ATM": 12000.0,
    "TRANSFER": 897.9200000000001
}