{
    "midnight": 5458.319999999999,
    "morning": 2152.4099999999994,
    "afternoon": 8736.5,
    "evening": 7420.850000000001
}