{
    "TRANSPORT": 2923.4299999999994,
    "F&B": 7946.73,
    "ATM": 12000.0,
    "TRANSFER": 44740.909999999996
}